<?xml version="1.0" encoding="utf-8" standalone="yes" ?>
<rss version="2.0" xmlns:atom="http://www.w3.org/2005/Atom">
  <channel>
    <title>Archives on uknow</title>
    <link>http://47.104.198.13:8088/archives/</link>
    <description>Recent content in Archives on uknow</description>
    <generator>Hugo -- gohugo.io</generator>
    <language>en-us</language>
    
	<atom:link href="http://47.104.198.13:8088/archives/index.xml" rel="self" type="application/rss+xml" />
    
    
  </channel>
</rss>