<?xml version="1.0" encoding="utf-8" standalone="yes" ?>
<rss version="2.0" xmlns:atom="http://www.w3.org/2005/Atom">
  <channel>
    <title>Tags on uknow</title>
    <link>https://example.org/tags/</link>
    <description>Recent content in Tags on uknow</description>
    <generator>Hugo -- gohugo.io</generator>
    <language>en-us</language>
    <lastBuildDate>Wed, 02 Oct 2013 00:00:00 +0000</lastBuildDate>
    
	<atom:link href="https://example.org/tags/index.xml" rel="self" type="application/rss+xml" />
    
    
    <item>
      <title>Chinese</title>
      <link>https://example.org/tags/chinese/</link>
      <pubDate>Wed, 02 Oct 2013 00:00:00 +0000</pubDate>
      
      <guid>https://example.org/tags/chinese/</guid>
      <description></description>
    </item>
    
    <item>
      <title>Github Theme</title>
      <link>https://example.org/tags/github-theme/</link>
      <pubDate>Mon, 23 Mar 2015 00:00:00 +0000</pubDate>
      
      <guid>https://example.org/tags/github-theme/</guid>
      <description></description>
    </item>
    
    <item>
      <title>Highlight Code</title>
      <link>https://example.org/tags/highlight-code/</link>
      <pubDate>Mon, 23 Mar 2015 00:00:00 +0000</pubDate>
      
      <guid>https://example.org/tags/highlight-code/</guid>
      <description></description>
    </item>
    
    <item>
      <title>Test</title>
      <link>https://example.org/tags/test/</link>
      <pubDate>Mon, 23 Mar 2015 00:00:00 +0000</pubDate>
      
      <guid>https://example.org/tags/test/</guid>
      <description></description>
    </item>
    
  </channel>
</rss>