<?xml version="1.0" encoding="utf-8" standalone="yes" ?>
<rss version="2.0" xmlns:atom="http://www.w3.org/2005/Atom">
  <channel>
    <title>Categories on uknow</title>
    <link>https://example.org/categories/</link>
    <description>Recent content in Categories on uknow</description>
    <generator>Hugo -- gohugo.io</generator>
    <language>en-us</language>
    
	<atom:link href="https://example.org/categories/index.xml" rel="self" type="application/rss+xml" />
    
    
    <item>
      <title>Features</title>
      <link>https://example.org/categories/features/</link>
      <pubDate>Mon, 23 Mar 2015 00:00:00 +0000</pubDate>
      
      <guid>https://example.org/categories/features/</guid>
      <description></description>
    </item>
    
    <item>
      <title>Home</title>
      <link>https://example.org/categories/home/</link>
      <pubDate>Wed, 02 Oct 2013 00:00:00 +0000</pubDate>
      
      <guid>https://example.org/categories/home/</guid>
      <description></description>
    </item>
    
    <item>
      <title>Tranquilpeak</title>
      <link>https://example.org/categories/tranquilpeak/</link>
      <pubDate>Mon, 23 Mar 2015 00:00:00 +0000</pubDate>
      
      <guid>https://example.org/categories/tranquilpeak/</guid>
      <description></description>
    </item>
    
  </channel>
</rss>