<?xml version="1.0" encoding="utf-8" standalone="yes" ?>
<rss version="2.0" xmlns:atom="http://www.w3.org/2005/Atom">
  <channel>
    <title>Chinese on uknow</title>
    <link>http://47.104.198.13:8088/tags/chinese/</link>
    <description>Recent content in Chinese on uknow</description>
    <generator>Hugo -- gohugo.io</generator>
    <language>en-us</language>
    <lastBuildDate>Wed, 02 Oct 2013 00:00:00 +0000</lastBuildDate>
    
	<atom:link href="http://47.104.198.13:8088/tags/chinese/index.xml" rel="self" type="application/rss+xml" />
    
    
    <item>
      <title>中文测试</title>
      <link>http://47.104.198.13:8088/2013/10/chinese-test/</link>
      <pubDate>Wed, 02 Oct 2013 00:00:00 +0000</pubDate>
      
      <guid>http://47.104.198.13:8088/2013/10/chinese-test/</guid>
      <description>&lt;p&gt;This is a chinese test post to show you how chinese is displayed.
&lt;/p&gt;</description>
    </item>
    
  </channel>
</rss>