<?xml version="1.0" encoding="utf-8" standalone="yes" ?>
<rss version="2.0" xmlns:atom="http://www.w3.org/2005/Atom">
  <channel>
    <title>Github Theme on uknow</title>
    <link>https://example.org/tags/github-theme/</link>
    <description>Recent content in Github Theme on uknow</description>
    <generator>Hugo -- gohugo.io</generator>
    <language>en-us</language>
    <lastBuildDate>Mon, 23 Mar 2015 00:00:00 +0000</lastBuildDate>
    
	<atom:link href="https://example.org/tags/github-theme/index.xml" rel="self" type="application/rss+xml" />
    
    
    <item>
      <title>highlighted code showcase</title>
      <link>https://example.org/2015/03/highlighted-code-showcase/</link>
      <pubDate>Mon, 23 Mar 2015 00:00:00 +0000</pubDate>
      
      <guid>https://example.org/2015/03/highlighted-code-showcase/</guid>
      <description>&lt;p&gt;Tranquilpeak Hugo theme have its own theme to highlight source code. It&amp;rsquo;s based on GitHub theme: simple and elegant. Check out how it sublimate source codes.
&lt;/p&gt;</description>
    </item>
    
  </channel>
</rss>